model,feature_set,rmse_mean,rmse_std,mae_mean,mae_std,r2_mean,r2_std,spearman_rho_mean,spearman_rho_std
chemprop,chemeleon,0.42846731679899347,0.0099560928990784,0.3295331722064489,0.009022113471865026,0.538870529192384,0.02774953692503433,0.7356148707329022,0.014382958038057062
