model,feature_set,rmse_mean,rmse_std,mae_mean,mae_std,r2_mean,r2_std,spearman_rho_mean,spearman_rho_std
chemprop,chemeleon,0.4281676405761166,0.010841328034491894,0.3299599877198952,0.009698475517909507,0.5393654678919257,0.03167589822548116,0.7366790131978493,0.0169651668278168
