model,feature_set,rmse_mean,rmse_std,mae_mean,mae_std,r2_mean,r2_std,spearman_rho_mean,spearman_rho_std
chemprop,chemeleon,0.46797817946096043,0.005667873073218708,0.348734229106789,0.0024424233269326624,0.48733954611840424,0.0148450776281789,0.69662695708377,0.011393313566164277
