model,feature_set,rmse_mean,rmse_std,mae_mean,mae_std,r2_mean,r2_std,spearman_rho_mean,spearman_rho_std
chemprop,chemeleon,0.4222957640539461,0.016368543889587694,0.31801090424158446,0.014439944793754421,0.5451261004449386,0.040707769584888205,0.7611868150538398,0.025804357418041816
