model,feature_set,rmse_mean,rmse_std,mae_mean,mae_std,r2_mean,r2_std,spearman_rho_mean,spearman_rho_std
chemprop,chemeleon,0.4629091648079811,0.007796653598762864,0.3466495202491644,0.004924206131312974,0.48346735108301486,0.017529454094228302,0.6883442778541558,0.013918494632142507
