model,feature_set,rmse_mean,rmse_std,mae_mean,mae_std,r2_mean,r2_std,spearman_rho_mean,spearman_rho_std
chemprop,chemeleon,0.48178228256219774,0.027959946545532344,0.3536855172114424,0.015643074407337445,0.44127372305096435,0.03722663904626103,0.6462240597139468,0.027215392798471023
