model,feature_set,rmse_mean,rmse_std,mae_mean,mae_std,r2_mean,r2_std,spearman_rho_mean,spearman_rho_std
chemprop,chemeleon,0.4278374233795801,0.012684237448402995,0.3303915091050775,0.010342620398970234,0.5439880394134105,0.03442504655938417,0.7394579215277544,0.016178804518323663
