model,feature_set,rmse_mean,rmse_std,mae_mean,mae_std,r2_mean,r2_std,spearman_rho_mean,spearman_rho_std
chemprop,chemeleon,0.42712466191972387,0.0180809142873164,0.3297911877267545,0.014182892065969377,0.5449858162150197,0.046315162424178415,0.7418492384746677,0.021650550235697806
