model,feature_set,rmse_mean,rmse_std,mae_mean,mae_std,r2_mean,r2_std,spearman_rho_mean,spearman_rho_std
chemprop,chemeleon,0.4529644591089121,0.013054468716132231,0.3427805083068375,0.012612580940066289,0.5224981372702567,0.019814234231470784,0.7245277840154574,0.017611730186401116
