model,feature_set,rmse_mean,rmse_std,mae_mean,mae_std,r2_mean,r2_std,spearman_rho_mean,spearman_rho_std
chemprop,chemeleon,0.4889343555771629,0.029484640205067192,0.3607491679614899,0.015260072256761938,0.4386993449785971,0.040515459766009294,0.6421631136989354,0.02803729604787424
